# language	file	expected	value (FHM only; checked against the evaluated result)
haskell	T0SignatureTwoUses.hs	accept	-
haskell	T0NoSignatureTwoUses.hs	reject	-
haskell	T1AnnotatedSelfPolyrec.hs	accept	-
haskell	T2UnannotatedSelfPolyrec.hs	reject	-
haskell	T3UnsignedUsesSigned.hs	accept	-
haskell	T4SignedUsesUnsigned.hs	accept	-
haskell	T5SignatureCutsDependency.hs	accept	-
haskell	T5bSignatureCutsDependencyFHG.hs	accept	-
haskell	T6NestedDatatype.hs	accept	-
haskell	T7SignedMutual.hs	accept	-
ocaml	t0_explicit_forall_two_uses.ml	accept	-
ocaml	t0_ordinary_annotation_two_uses.ml	reject	-
ocaml	t1_annotated_self_polyrec.ml	accept	-
ocaml	t1_plain_annotation_self_polyrec.ml	reject	-
ocaml	t2_unannotated_self_polyrec.ml	reject	-
ocaml	t3_unsigned_uses_signed.ml	accept	-
ocaml	t4_signed_uses_unsigned.ml	reject	-
ocaml	t5_signature_cuts_dependency.ml	reject	-
ocaml	t5b_signature_cuts_dependency_fhg.ml	reject	-
ocaml	t6_nested_datatype.ml	accept	-
ocaml	t7_signed_mutual.ml	accept	-
fsharp	t0_explicit_type_parameter_two_uses.fsx	accept	-
fsharp	t0_ordinary_annotation_two_uses.fsx	reject	-
fsharp	t1_annotated_self_polyrec.fsx	accept	-
fsharp	t1_plain_annotation_self_polyrec.fsx	reject	-
fsharp	t2_unannotated_self_polyrec.fsx	reject	-
fsharp	t3_unsigned_uses_signed.fsx	accept	-
fsharp	t4_signed_uses_unsigned.fsx	reject	-
fsharp	t4b_signed_uses_unsigned_helper_first.fsx	accept	-
fsharp	t5_signature_cuts_dependency.fsx	reject	-
fsharp	t5b_signature_cuts_dependency_fhg.fsx	accept	-
fsharp	t5c_signature_cuts_dependency_fhg_no_type_params.fsx	accept	-
fsharp	t6_nested_datatype.fsx	accept	-
fsharp	t7_signed_mutual.fsx	accept	-
elm	T0SelfTwoUses.elm	reject	-
elm	T0SiblingsTwoUses.elm	accept	-
elm	T0UnannotatedSiblingsTwoUses.elm	reject	-
elm	T1AnnotatedSelfPolyrec.elm	reject	-
elm	T2UnannotatedSelfPolyrec.elm	reject	-
elm	T3UnsignedUsesSigned.elm	accept	-
elm	T4SignedUsesUnsigned.elm	accept	-
elm	T5SignatureCutsDependency.elm	reject	-
elm	T5bSignatureCutsDependencyFHG.elm	reject	-
elm	T6NestedDatatype.elm	reject	-
elm	T7SignedMutual.elm	accept	-
sml	t0_generalised_after_group.sml	accept	-
sml	t0_explicit_tyvar_two_uses.sml	reject	-
sml	t1_annotated_self_polyrec.sml	reject	-
sml	t2_unannotated_self_polyrec.sml	reject	-
sml	t3_unsigned_uses_signed.sml	reject	-
sml	t4_signed_uses_unsigned.sml	reject	-
sml	t5_signature_cuts_dependency.sml	reject	-
sml	t5b_signature_cuts_dependency_fhg.sml	reject	-
sml	t6_nested_datatype.sml	reject	-
sml	t7_signed_mutual.sml	reject	-
fhm	t1_annotated_self_polyrec.fhm	accept	3
fhm	t2_unannotated_self_polyrec.fhm	reject	-
fhm	t3_unsigned_uses_signed.fhm	accept	(1, True)
fhm	t4_signed_uses_unsigned.fhm	accept	(5, True)
fhm	t5_signature_cuts_dependency.fhm	reject	-
fhm	t5b_signature_cuts_dependency_fhg.fhm	reject	-
fhm	t6_nested_datatype.fhm	accept	2
fhm	t7_signed_mutual.fhm	accept	(4, 4)
